ID,Type,SKU,"GTIN, UPC, EAN, or ISBN",Name,Published,"Is featured?","Visibility in catalog","Short description",Description,"Date sale price starts","Date sale price ends","Tax status","Tax class","In stock?",Stock,"Low stock amount","Backorders allowed?","Sold individually?","Weight (kg)","Length (cm)","Width (cm)","Height (cm)","Allow customer reviews?","Purchase note","Sale price","Regular price",Categories,Tags,"Shipping class",Images,"Download limit","Download expiry days",Parent,"Grouped products",Upsells,Cross-sells,"External URL","Button text",Position,Brands,"Meta: site-sidebar-layout","Meta: ast-site-content-layout","Meta: site-content-style","Meta: site-sidebar-style","Meta: theme-transparent-header-meta","Meta: _yoast_wpseo_primary_product_brand","Meta: _yoast_wpseo_primary_product_cat","Meta: _yoast_wpseo_focuskw","Meta: _yoast_wpseo_title","Meta: _yoast_wpseo_metadesc","Meta: _yoast_wpseo_linkdex","Meta: _yoast_wpseo_content_score","Meta: _yoast_wpseo_estimated-reading-time-minutes","Meta: astra-migrate-meta-layouts","Meta: _wc_gla_synced_at","Meta: _wc_gla_sync_status","Meta: _wc_gla_visibility","Meta: _wc_gla_mc_status","Meta: _wc_gla_notification_status","Meta: _wc_gla_gender","Meta: _wc_gla_ageGroup"
62,simple,00000001,,"Phra Kring Avalokitesuan, Lp Kasem Khemako, Trailak Cemetery, Hua Lamphong Temple, Bangkok,B.E.2537",1,0,visible,,"Phra Kring Avalokitesuan, Luang Pho Kasem Khemako, Trailak Cemetery, Hua Lamphong Temple, Bangkok, year 1994, Nawaloha material\n<ul>\n 	<li>Mixture of 9 metals</li>\n 	<li>Nice condition</li>\n 	<li>Guarantee real 100%</li>\n</ul>\nBlessing of Avalokitesvara (Guan Yin) size approximately 4 cm. tall, 2 cm. wide, model in honor of King Rama V the Great, Hua Lamphong Temple, year 1994, more than ten years ago. Nawaloha material, old gold Fill the alms bowl cover with gold sheets under the base. and stamped a code on the back base",,,taxable,,1,5,,0,0,0.2,15,20,10,1,,,2500,"Lp Kasem Khemako",,,"https://amulets-dansiam.com/wp-content/uploads/2025/04/S__9691256_0.jpg, https://amulets-dansiam.com/wp-content/uploads/2025/04/S__9691252_0.jpg, https://amulets-dansiam.com/wp-content/uploads/2025/04/S__9691254_0.jpg, https://amulets-dansiam.com/wp-content/uploads/2025/04/S__9691255_0.jpg, https://amulets-dansiam.com/wp-content/uploads/2025/04/S__9691256_0.jpg",,,,,,,,,0,,default,default,default,default,default,,,"Luang Pho Kasem Khemako","%%title%% %%page%% %%sep%% %%sitename%% Phra Kring Avalokitesuan 1994 – Luang Pho Kasem | Nawaloha","Rare Phra Kring Avalokitesuan by Luang Pho Kasem Khemako, consecrated in 1994 at Trailak Cemetery, Wat Hua Lamphong, Bangkok. Cast in sacred Nawaloha alloy.",44,90,1,set,1777951012,synced,sync-and-show,approved,,,
79,simple,00000002,,"Phra Bothichak, Lp Lee, Wat Asokaram, Bo Pho print, clay,B.E.2500, Samut Prakan",1,0,visible,,"Phra Bothichak, Lp Lee, Wat Asokaram, Bo Pho print, clay, year 1957, Samut Prakan Province. With certification card\n<ul>\n 	<li>Made of sacred powder</li>\n 	<li>Nice condition</li>\n 	<li>Guarantee real 100%</li>\n</ul>\n<p class="""" data-start=""260"" data-end=""723"">During a visit to pay homage at <strong data-start=""292"" data-end=""313"">Phra Pathom Chedi</strong>, Luang Phor Lee experienced a miraculous event. As he lit incense in reverence, the ashes formed into the shape of a Buddha image — specifically a <strong data-start=""461"" data-end=""479"">Phra Bothichak</strong> (Bodhi Wheel Buddha). Deeply moved, he meditated to understand the spiritual meaning behind this phenomenon, and received insight that this was the sacred form meant to be created for the <strong data-start=""668"" data-end=""722"">B.E. 2500 (1957) 25th Buddhist Century Celebration</strong>.</p>\n<p class="""" data-start=""728"" data-end=""1129"">This inspired the creation of the <strong data-start=""762"" data-end=""780"">Phra Bothichak</strong> amulet — a Buddha image in the <strong data-start=""812"" data-end=""836"">Dhamma Wheel gesture</strong>, enshrined within a Bodhi leaf design. Later, due to spiritual circumstances, Luang Phor Lee received another vision: while quietly molding amulets one night, a <strong data-start=""998"" data-end=""1031"">holy relic (Phra Borommathat)</strong> miraculously appeared above his bed, resembling the <strong data-start=""1084"" data-end=""1105"">Bodhi-leaf-shaped</strong> Buddha he was creating.</p>\n<p class="""" data-start=""1134"" data-end=""1520"">However, the image he was crafting at that time depicted the Buddha in <strong data-start=""1205"" data-end=""1232"">Dhamma-teaching posture</strong> (both hands raised in teaching gesture). He was divinely guided to revise the form into a <strong data-start=""1323"" data-end=""1355"">meditative posture (Samadhi)</strong> within the Bodhi leaf. This refined version became what is now known as the <strong data-start=""1432"" data-end=""1450"">Phra Bothichak</strong> — a sacred amulet filled with profound spiritual symbolism and power.<a href=""https://www.watasokaram.org/"">https://www.watasokaram.org/</a></p>",,,taxable,,0,0,,0,0,0.2,15,20,10,1,,,5000,"LP Lee",,,"https://amulets-dansiam.com/wp-content/uploads/2025/04/S__9699333_0.jpg, https://amulets-dansiam.com/wp-content/uploads/2025/04/S__9699333_0.jpg, https://amulets-dansiam.com/wp-content/uploads/2025/04/S__9699335_0.jpg, https://amulets-dansiam.com/wp-content/uploads/2025/04/S__9699336_0.jpg",,,,,,,,,0,,default,default,default,default,default,,32,"Phra Bothichak Lp Lee Wat Asokaram 1957","Phra Bothichak 1957 – Lp Lee, Wat Asokaram","Phra Bothichak by Lp Lee, created at Wat Asokaram in 1957. Sacred clay amulet with certification. Rare collectible from Samut Prakan Province.",65,30,2,set,1776657046,synced,sync-and-show,approved,,,
117,simple,00000003,,"Phra Naga Prok, Lp Ood, Wat Chan Sen, first edition,B.E.2527",1,0,visible,,"Phra Naga Prok, Lp Ood, Wat Chan Sen, first edition, copper material,B.E.2527, Nakhon Sawan Province, with certificate.\n<ul>\n 	<li>Made of copper</li>\n 	<li>Nice condition</li>\n 	<li>Chanted by Lp ood</li>\n 	<li>Guarantee real 100%</li>\n</ul>",,,taxable,,1,1,,0,0,0.2,15,20,10,1,,,3900,"Lp Ood","Lp ood",,"https://amulets-dansiam.com/wp-content/uploads/2025/04/img_3715.jpeg, https://amulets-dansiam.com/wp-content/uploads/2025/04/img_3716.jpeg, https://amulets-dansiam.com/wp-content/uploads/2025/04/img_3717.jpeg",,,,,,,,,0,,default,default,default,default,default,,,,,,,90,1,set,1777951012,synced,sync-and-show,approved,,,
197,simple,,,"Nang Kwak by Chao Khun Sri, Wat Suthat, Brass, B.E.2493",1,0,visible,"Rare Nang Kwak brass amulet consecrated by Chao Khun Sri (Son), Wat Suthat, Bangkok in B.E. 2493 (1950). Revered for wealth and business luck. Highly collectible vintage Thai amulet.","Nang Kwak by Chao Khun Sri, Wat Suthat, Brass, B.E.2493 with certification card\n<p class="""" data-start=""543"" data-end=""836"">This is a highly revered <strong data-start=""568"" data-end=""588"">Nang Kwak amulet</strong>, created in <strong data-start=""601"" data-end=""621"">B.E. 2493 (1950)</strong> by <strong data-start=""625"" data-end=""648"">Chao Khun Sri (Son)</strong> of <strong data-start=""652"" data-end=""666"">Wat Suthat</strong>, Bangkok. Cast in solid <strong data-start=""691"" data-end=""700"">brass</strong>, this amulet features Nang Kwak — a deity of good fortune, believed to bring wealth, attract customers, and enhance business success.</p>\n<p class="""" data-start=""841"" data-end=""1128""><strong data-start=""841"" data-end=""858"">Chao Khun Sri</strong> was one of the most respected monks of his era, well-known for his spiritual discipline and sacred consecration ceremonies. Amulets blessed by him are considered powerful, especially those produced at <strong data-start=""1060"" data-end=""1074"">Wat Suthat</strong>, one of Bangkok's most sacred and historic temples.</p>\n<p class="""" data-start=""1133"" data-end=""1329"">The brass casting is detailed and reflects traditional Thai craftsmanship. Over time, these amulets have become extremely rare, especially pieces that have been preserved in excellent condition.</p>\n<p class="""" data-start=""1334"" data-end=""1543"">Collectors and devotees seek this amulet not only for its spiritual power but also for its historical and cultural value. It is especially favored by merchants, business owners, and those seeking prosperity.</p>\n<p class="""" data-start=""1548"" data-end=""1682"">This particular piece is authenticated and remains in excellent condition — a valuable addition to any serious Thai amulet collection.</p>",,,none,,1,1,,0,0,0.2,15,20,10,1,,,6500,Uncategorized,,,"https://amulets-dansiam.com/wp-content/uploads/2025/04/352853_0.webp, https://amulets-dansiam.com/wp-content/uploads/2025/04/352853_0.webp, https://amulets-dansiam.com/wp-content/uploads/2025/04/352854_0.webp, https://amulets-dansiam.com/wp-content/uploads/2025/04/352855_0.webp, https://amulets-dansiam.com/wp-content/uploads/2025/04/352856_0.webp",,,,,,,,,0,,default,default,default,default,default,,,"Nang Kwak Chao Khun Sri Wat Suthat","Nang Kwak Amulet by Chao Khun Sri, Wat Suthat, Brass,B.E. 2493","Rare Nang Kwak amulet by Chao Khun Sri (Son), Wat Suthat, Bangkok. Cast in brass in B.E. 2493 (1950). Highly revered for wealth and business luck.",55,60,1,set,1777951012,synced,sync-and-show,approved,,,
202,simple,00000004,,"Phra Ruang Amulet, Wat Doi Suthep, B.E. 2515 (1972)",1,0,visible,"Phra Ruang Lang Rang Puern amulet, B.E. 2515 (1972), from Wat Phra That Doi Suthep. Popular “fang-tooth” mold. Blessed by top monks including Luang Phor Guay. Revered for protection, authority, and sacred power.","<p class="""" data-start=""310"" data-end=""698""><strong data-start=""310"" data-end=""340"">Phra Ruang Lang Rang Puern</strong> (Gun-Groove Back) amulet was created at <strong data-start=""381"" data-end=""409"">Wat Phra That Doi Suthep</strong>, Chiang Mai, in <strong data-start=""426"" data-end=""446"">B.E. 2515 (1972)</strong> during the sacred consecration ceremony of the Phra Buddha Sihing replica. This particular version, known as the <strong data-start=""560"" data-end=""619"">“popular block with fanged teeth” (Blok Niyom Fan Nhoo)</strong>, is considered one of the most desirable and collectible molds of this series.</p>\n<p class="""" data-start=""700"" data-end=""742"">There are two main types of this amulet:</p>\n\n<ul data-start=""743"" data-end=""843"">\n 	<li class="""" data-start=""743"" data-end=""819"">\n<p class="""" data-start=""745"" data-end=""819""><strong data-start=""745"" data-end=""774"">Raised Chedi (Stupa) back</strong> – also referred to as <strong data-start=""797"" data-end=""817"">“floating chedi”</strong></p>\n</li>\n 	<li class="""" data-start=""820"" data-end=""843"">\n<p class="""" data-start=""822"" data-end=""843""><strong data-start=""822"" data-end=""843"">Sunken Chedi back</strong></p>\n</li>\n</ul>\n<p class="""" data-start=""845"" data-end=""1286"">This amulet features a standing <strong data-start=""877"" data-end=""909"">royally-attired Buddha image</strong>, within a decorative arch frame, known as <strong data-start=""952"" data-end=""973"">Ruang Song Kruang</strong>. The right hand is raised in a gesture of blessing (abhaya mudra), while the left hand hangs downward, palm open and facing outward. The fine details of the robe, face, and headdress reflect <strong data-start=""1165"" data-end=""1190"">Khmer Bayon-style art</strong>, featuring a pointed <strong data-start=""1212"" data-end=""1229"">“Chibo crown”</strong> (conical headdress) and intricate sash around the waist.</p>\n<p class="""" data-start=""1288"" data-end=""1499"">The reverse of the amulet contains the signature “gun groove” lines, earning its name <strong data-start=""1374"" data-end=""1404"">Phra Ruang Lang Rang Puern</strong>. This detail and styling are highly sought after among collectors and spiritual practitioners.</p>\n<p class="""" data-start=""1501"" data-end=""1662"">The amulet was blessed on <strong data-start=""1527"" data-end=""1544"">April 9, 1972</strong>, in one of the most significant ceremonies in Northern Thailand, presided over by members of the Thai Royal Family:</p>\n\n<ul data-start=""1663"" data-end=""1770"">\n 	<li class="""" data-start=""1663"" data-end=""1722"">\n<p class="""" data-start=""1665"" data-end=""1722""><strong data-start=""1665"" data-end=""1715"">Somdej Phra Srinagarindra, the Princess Mother</strong>, and</p>\n</li>\n 	<li class="""" data-start=""1723"" data-end=""1770"">\n<p class="""" data-start=""1725"" data-end=""1770""><strong data-start=""1725"" data-end=""1745"">HM Queen Sirikit</strong> (then Queen of Thailand)</p>\n</li>\n</ul>\n<p class="""" data-start=""1772"" data-end=""1889"">Over <strong data-start=""1777"" data-end=""1794"">108 top monks</strong> from around the country joined the consecration ceremony, including legendary figures such as:</p>\n\n<ul data-start=""1891"" data-end=""2156"">\n 	<li class="""" data-start=""1891"" data-end=""1925"">\n<p class="""" data-start=""1893"" data-end=""1925""><strong data-start=""1893"" data-end=""1923"">Luang Pu Koon, Wat Ban Rai</strong></p>\n</li>\n 	<li class="""" data-start=""1926"" data-end=""1965"">\n<p class="""" data-start=""1928"" data-end=""1965""><strong data-start=""1928"" data-end=""1963"">Luang Pu Waen, Wat Doi Mae Pang</strong></p>\n</li>\n 	<li class="""" data-start=""1966"" data-end=""2006"">\n<p class="""" data-start=""1968"" data-end=""2006""><strong data-start=""1968"" data-end=""2004"">Luang Por Kasem Khemako, Lampang</strong></p>\n</li>\n 	<li class="""" data-start=""2007"" data-end=""2054"">\n<p class="""" data-start=""2009"" data-end=""2054""><strong data-start=""2009"" data-end=""2052"">Luang Phor Guay, Wat Kositaram, Chainat</strong></p>\n</li>\n 	<li class="""" data-start=""2055"" data-end=""2106"">\n<p class="""" data-start=""2057"" data-end=""2106""><strong data-start=""2057"" data-end=""2104"">Luang Phor Toh, Wat Pradoochimplee, Bangkok</strong></p>\n</li>\n 	<li class="""" data-start=""2107"" data-end=""2156"">\n<p class="""" data-start=""2109"" data-end=""2156""><strong data-start=""2109"" data-end=""2139"">Kruba Chum, Kruba Kam Saen</strong>, and many others</p>\n</li>\n</ul>\n<p class="""" data-start=""2158"" data-end=""2309"">This amulet is highly respected for <strong data-start=""2194"" data-end=""2240"">protection, authority, and spiritual power</strong>, making it a prized piece for both collectors and faithful devotees.</p>",,,none,,1,1,,0,0,0.2,15,,10,1,,,1000,Uncategorized,,,"https://amulets-dansiam.com/wp-content/uploads/2025/04/352206_0.webp, https://amulets-dansiam.com/wp-content/uploads/2025/04/352206_0.webp, https://amulets-dansiam.com/wp-content/uploads/2025/04/352207_0.webp, https://amulets-dansiam.com/wp-content/uploads/2025/04/352208_0.webp, https://amulets-dansiam.com/wp-content/uploads/2025/04/352209_0.webp, https://amulets-dansiam.com/wp-content/uploads/2025/04/352210_0.webp",,,,,,,,,0,,default,default,default,default,default,,,"Phra Ruang Doi Suthep 1972","Phra Ruang Amulet, Wat Doi Suthep, B.E. 2515 (1972)","Rare Phra Ruang amulet from Wat Phra That Doi Suthep, blessed in B.E. 2515 (1972). Known for protection and prestige. Highly sought by collectors.",59,60,2,set,1777951012,synced,sync-and-show,approved,,,
208,simple,00000005,,"Takrud Amulet by Luang Pu Kui, Wat Sap Takian,B.E.2551 (2008)",1,0,visible,"Takrud amulet from <strong data-start=""667"" data-end=""683"">Luang Pu Kui</strong>, Wat Sap Takian, B.E. 2551 (2008). Blessed for powerful protection, spiritual strength, and good fortune. A prized collector’s item.","<ul>\n 	<li>Made of mixed material</li>\n 	<li>Nice condition</li>\n 	<li>Guarantee real 100%</li>\n</ul>\n<p class="""" data-start=""179"" data-end=""601"">Nearly <strong data-start=""186"" data-end=""201"">8 years ago</strong>, <strong data-start=""203"" data-end=""219"">Luang Pu Kui</strong> from <strong data-start=""225"" data-end=""243"">Wat Sap Takian</strong> created the powerful <strong data-start=""265"" data-end=""308"">Takrud Na Klun Jit – Phra Chao Klun Jai</strong>, a legendary amulet known for its ability to <strong data-start=""354"" data-end=""384"">captivate hearts and minds</strong>. This takrud became famous for its effectiveness, with many users reporting remarkable results. As a result, it quickly gained popularity and became a highly sought-after amulet</p>\n<p class="""" data-start=""1355"" data-end=""1884""></p>",,,none,,1,1,,0,0,0.2,15,20,10,1,,,1200,Uncategorized,,,"https://amulets-dansiam.com/wp-content/uploads/2025/04/353124_0.webp, https://amulets-dansiam.com/wp-content/uploads/2025/04/353124_0.webp, https://amulets-dansiam.com/wp-content/uploads/2025/04/353125_0.webp, https://amulets-dansiam.com/wp-content/uploads/2025/04/353126_0.webp",,,,,,,,,0,,default,default,default,default,default,,,"Takrud Luang Pu Kui Wat Sap Takian 2008","Takrud Amulet by Luang Pu Kui, Wat Sap Takian 2008","Takrud amulet by Luang Pu Kui, Wat Sap Takian, blessed in 2008. Known for powerful protection and spiritual strength. Highly revered among collectors.",44,90,1,set,1777951012,synced,sync-and-show,approved,,,
212,simple,00000006,,"Luang Pu Thuad Amulet, Wat Chang Hai B.E.2511 with Bell",1,0,visible,"Luang Pu Thuad statue from Wat Chang Hai, B.E. 2511 (1968), with bell at the base. A highly revered amulet for protection and spiritual blessings.","<ul>\n 	<li>Mixture of 9 metals</li>\n 	<li>Nice condition</li>\n 	<li>Guarantee real 100%</li>\n</ul>\n<p class="""" data-start=""285"" data-end=""611"">This <strong data-start=""290"" data-end=""308"">Luang Pu Thuad</strong> cast statue was created in <strong data-start=""336"" data-end=""356"">B.E. 2511 (1968)</strong> at the sacred <strong data-start=""371"" data-end=""388"">Wat Chang Hai</strong> temple, located in Pattani Province, Southern Thailand. It was commissioned and initiated by <strong data-start=""482"" data-end=""508"">Khun Suthep Singhasame</strong>, a devout Buddhist from Phatthalung, alongside other sacred amulets produced during the same ceremony.</p>\n<p class="""" data-start=""613"" data-end=""978"">The amulet features Luang Pu Thuad in a <strong data-start=""653"" data-end=""679"">classic seated posture</strong>, crafted with meticulous detail and reverence. The statue rests on a rectangular base engraved in Thai with the name <strong data-start=""797"" data-end=""816"">“Wat Chang Hai”</strong> at the front. The base is <strong data-start=""843"" data-end=""873"">sealed with a bell (gring)</strong> inside, which produces a distinct rattling sound when shaken—a signature characteristic of this edition.</p>",,,none,,0,0,,0,0,0.2,15,20,10,1,,,3000,Uncategorized,,,"https://amulets-dansiam.com/wp-content/uploads/2025/04/352584_0.webp, https://amulets-dansiam.com/wp-content/uploads/2025/04/352584_0.webp, https://amulets-dansiam.com/wp-content/uploads/2025/04/352585_0.webp, https://amulets-dansiam.com/wp-content/uploads/2025/04/352586_0.webp, https://amulets-dansiam.com/wp-content/uploads/2025/04/352587_0.webp, https://amulets-dansiam.com/wp-content/uploads/2025/04/352588_0.webp",,,,,,,,,0,,default,default,default,default,default,,,"Luang Pu Thuad Wat Chang Hai 2511 with Bell","Luang Pu Thuad Amulet, Wat Chang Hai 2511 with Bell","Luang Pu Thuad statue from Wat Chang Hai, B.E. 2511 (1968) with bell at the base. Revered for protection, good fortune, and spiritual blessings.",47,90,1,set,1777605605,synced,sync-and-show,approved,,,
218,simple,00000007,,"Kumarn Thong Amulet Wat Takong B.E2544 (2001) – First Edition",1,0,visible,"<p class="""" data-start=""543"" data-end=""686""><strong data-start=""543"" data-end=""686"">First edition Kumarn Thong from Wat Takong, B.E. 2544 (2001). Highly sought-after for charm, wealth attraction, and spiritual guardianship.</strong></p>","<ul>\n 	<li>Made of sacred powder</li>\n 	<li>Nice condition</li>\n 	<li>Guarantee real 100%</li>\n</ul>\n<p class="""" data-start=""299"" data-end=""584"">This sacred <strong data-start=""311"" data-end=""362"">First Edition Kumarn Thong pendant-sized amulet</strong> was consecrated at <strong data-start=""382"" data-end=""416"">Wat Takong in 2001 (B.E. 2544)</strong>. Known for its spiritual charm, it is revered for enhancing luck, personal magnetism, and business fortune. The amulet is small and designed for wearing as a necklace.</p>\n\n<h4 class="""" data-start=""586"" data-end=""641"">🔹 <strong data-start=""594"" data-end=""641"">Sacred Materials (Sacred Earth Components):</strong></h4>\n<p class="""" data-start=""642"" data-end=""770"">It was meticulously crafted from a rare and powerful blend of <strong data-start=""704"" data-end=""720"">blessed soil</strong>, gathered from significant locations in Thailand:</p>\n\n<ul data-start=""771"" data-end=""1289"">\n 	<li class="""" data-start=""771"" data-end=""861"">\n<p class="""" data-start=""773"" data-end=""861""><strong data-start=""773"" data-end=""785"">7 fields</strong>, <strong data-start=""787"" data-end=""798"">7 piers</strong>, <strong data-start=""800"" data-end=""812"">1 forest</strong>, <strong data-start=""814"" data-end=""836"">1 cradle (U-Thong)</strong>, <strong data-start=""838"" data-end=""861"">1 basin (Ang Thong)</strong></p>\n</li>\n 	<li class="""" data-start=""862"" data-end=""950"">\n<p class="""" data-start=""864"" data-end=""950"">3 provinces named ""Nakorn"": <strong data-start=""892"" data-end=""909"">Nakhon Pathom</strong>, <strong data-start=""911"" data-end=""927"">Nakhon Sawan</strong>, and <strong data-start=""933"" data-end=""950"">Nakhon Phanom</strong></p>\n</li>\n 	<li class="""" data-start=""951"" data-end=""1289"">\n<p class="""" data-start=""953"" data-end=""1034"">Sacred incense ash and soils from incense burners of the following revered monks:</p>\n\n<ul data-start=""1037"" data-end=""1289"">\n 	<li class="""" data-start=""1037"" data-end=""1067"">\n<p class="""" data-start=""1039"" data-end=""1067"">Luang Pho Chaem (Wat Takong)</p>\n</li>\n 	<li class="""" data-start=""1070"" data-end=""1095"">\n<p class="""" data-start=""1072"" data-end=""1095"">Luang Pho Tae Kongthong</p>\n</li>\n 	<li class="""" data-start=""1098"" data-end=""1125"">\n<p class="""" data-start=""1100"" data-end=""1125"">Luang Pho Ruay (Wat Tako)</p>\n</li>\n 	<li class="""" data-start=""1128"" data-end=""1160"">\n<p class="""" data-start=""1130"" data-end=""1160"">Luang Pho Mee (Wat Maruwichai)</p>\n</li>\n 	<li class="""" data-start=""1163"" data-end=""1196"">\n<p class="""" data-start=""1165"" data-end=""1196"">Luang Pho Ngoen (Wat Bang Klan)</p>\n</li>\n 	<li class="""" data-start=""1199"" data-end=""1234"">\n<p class="""" data-start=""1201"" data-end=""1234"">Luang Pho Ngoen (Wat Don Yai Hom)</p>\n</li>\n 	<li class="""" data-start=""1237"" data-end=""1289"">\n<p class="""" data-start=""1239"" data-end=""1289"">Luang Pho Thong (Wat Phra Phutthabat Khao Yai Hom)</p>\n</li>\n</ul>\n</li>\n</ul>",,,taxable,,1,1,,0,0,0.2,15,20,10,1,,,700,Uncategorized,,,"https://amulets-dansiam.com/wp-content/uploads/2025/04/352490_0.webp, https://amulets-dansiam.com/wp-content/uploads/2025/04/352490_0.webp, https://amulets-dansiam.com/wp-content/uploads/2025/04/352491_0.webp, https://amulets-dansiam.com/wp-content/uploads/2025/04/352492_0.webp",,,,,,,,,0,,default,default,default,default,default,,,"Kumarn Thong Wat Takong First Edition 2001","Kumarn Thong Amulet Wat Takong 2001 – First Edition","First edition Kumarn Thong amulet from Wat Takong, created in 2001 (B.E. 2544). Revered for charm, business luck, and spiritual protection.",51,90,1,set,1777951012,synced,sync-and-show,approved,,,
222,simple,,,"Miniature Singha Amulet Luang Pu Tim Wat Phra Khao B.E.2546(2003)",1,0,visible,"Miniature Singha amulet (Tiger Guardian) consecrated by <strong data-start=""681"" data-end=""732"">Luang Pu Tim of Wat Phra Khao in 2003 (BE 2546)</strong>. Known for protection, authority, and personal magnetism. Highly collectible and rare.","Miniature Singha Amulet Luang Pu Tim Wat Phra Khao B.E.2546(2003)\n<ul>\n 	<li>Made of copper</li>\n 	<li>Nice condition</li>\n 	<li>Guarantee real 100%</li>\n</ul>",,,none,,1,1,,0,0,0.2,15,20,10,1,,,1000,Uncategorized,,,"https://amulets-dansiam.com/wp-content/uploads/2025/04/S__9838637_0.webp, https://amulets-dansiam.com/wp-content/uploads/2025/04/S__9838637_0.webp, https://amulets-dansiam.com/wp-content/uploads/2025/04/S__9838636_0.webp, https://amulets-dansiam.com/wp-content/uploads/2025/04/S__9838638_0.webp, https://amulets-dansiam.com/wp-content/uploads/2025/04/S__9838639_0.webp",,,,,,,,,0,,default,default,default,default,default,,,"Miniature Singha Amulet Luang Pu Tim Wat Phra Khao 2003","Miniature Singha Amulet Luang Pu Tim, Wat Phra Khao, 2003","Rare Miniature Singha Amulet blessed by Luang Pu Tim of Wat Phra Khao BE 2546. A powerful Thai guardian tiger for protection, strength, and charm.",42,90,1,set,1777951012,synced,sync-and-show,approved,,,
230,simple,00000008,,"Somdej Arahant Amulet Signature Back Somdet Phra Yannasangworn B.E.2519",1,0,visible,"<p class="""" data-start=""596"" data-end=""781"">Somdej Arahant amulet from 1976 (BE 2519), featuring the sacred signature of <strong data-start=""673"" data-end=""702"">Somdet Phra Yannasangworn</strong> on the reverse. Revered for spiritual strength, wisdom, and protective energy.</p>","Somdej Arahant Amulet Signature Back Somdet Phra Yannasangworn B.E.2519\n<ul>\n 	<li>Made of sacred powder</li>\n 	<li>Nice condition</li>\n 	<li>Guarantee real 100%</li>\n</ul>\n<p class="""" data-start=""200"" data-end=""527"">This is a rare and highly revered <strong data-start=""234"" data-end=""259"">Somdej Arahant Amulet</strong> with the sacred signature of <strong data-start=""289"" data-end=""318"">Somdet Phra Yannasangworn</strong>, created in <strong data-start=""331"" data-end=""349"">1976 (BE 2519)</strong> by <strong data-start=""353"" data-end=""378"">Wat Bowonniwet Vihara</strong>, Bangkok. The amulet is embedded with <strong data-start=""417"" data-end=""465"">authentic strands of his sacred hair (Kesas)</strong>, adding to its spiritual potency and historical significance.</p>\n<p class="""" data-start=""529"" data-end=""870"">It was specially crafted to honor <strong data-start=""563"" data-end=""603"">Somdet Phra Sangharaja Suk Kai Thuan</strong> of <strong data-start=""607"" data-end=""630"">Wat Ratchasittharam</strong>, also known as <strong data-start=""646"" data-end=""658"">Wat Plub</strong>, the original creator of the <strong data-start=""688"" data-end=""730"">first-generation Somdej Arahant amulet</strong>. This 1976 edition continues that legacy under the spiritual guidance of Somdet Phra Yannasangworn, the 19th Supreme Patriarch of Thailand.</p>",,,none,,1,1,,0,0,0.2,15,20,10,1,,,1500,Uncategorized,,,"https://amulets-dansiam.com/wp-content/uploads/2025/04/S__9838631_0.webp, https://amulets-dansiam.com/wp-content/uploads/2025/04/S__9838631_0.webp, https://amulets-dansiam.com/wp-content/uploads/2025/04/S__9838633_0.jpg, https://amulets-dansiam.com/wp-content/uploads/2025/04/S__9838634_0.jpg, https://amulets-dansiam.com/wp-content/uploads/2025/04/S__9838635_0.jpg",,,,,,,,,0,,default,default,default,default,default,,,"Somdej Arahant Amulet Signature Back Somdet Phra Yannasangworn 1976","Somdej Arahant Amulet 1976 – Somdet Phra Yannasangworn","Rare Somdej Arahant amulet blessed in 1976 with signature back by Somdet Phra Yannasangworn. A revered Thai Buddhist amulet known for mindfulness, wisdom, and protection.",46,90,1,set,1777951012,synced,sync-and-show,approved,,,
235,simple,00000009,,"Phra Sangkachai powder amulet Luang Pu Nak Wat Rakang 1954",1,0,visible,"A sacred powder amulet of Phra Sangkachai created by Luang Pu Nak of Wat Rakang in 1954. This rare piece is cherished for blessings of prosperity, charm, and fortune.","Phra Sangkachai powder amulet Luang Pu Nak Wat Rakang 1954\n<ul>\n 	<li>Made of sacred powder</li>\n 	<li>Nice condition</li>\n 	<li>Guarantee real 100%</li>\n</ul>\n<p class="""" data-start=""188"" data-end=""543"">This is a rare and charming Phra Sangkachai powder amulet created in B.E. 2497 (1954) by the revered monk Luang Pu Nak of Wat Rakang. Crafted in a half-sphere style, the amulet has a thick body and a beautifully detailed image, measuring approximately 2.6 x 3.6 cm. It embodies the classic charm and sacred energy associated with Luang Pu Nak’s creations.</p>\n<p class="""" data-start=""545"" data-end=""972"">One of the key highlights of this amulet is the sacred powder mixture used in its creation. It includes holy remnants of broken old Somdej amulets and sacred powder from Somdej Toh, which Luang Pu Nak discovered in the ceiling of the ordination hall (Ubosot). These rare and spiritually potent materials enhance the auspiciousness and spiritual value of the amulet, believed to bring wealth, charm, and blessings to its holder.</p>",,,none,,1,1,,0,0,0.2,15,20,10,1,,,2000,Uncategorized,,,"https://amulets-dansiam.com/wp-content/uploads/2025/04/S__9838646_0.jpg, https://amulets-dansiam.com/wp-content/uploads/2025/04/S__9838646_0.jpg, https://amulets-dansiam.com/wp-content/uploads/2025/04/S__9838648_0.jpg, https://amulets-dansiam.com/wp-content/uploads/2025/04/S__9838649_0.jpg",,,,,,,,,0,,default,default,default,default,default,,,"Phra Sangkachai powder amulet Luang Pu Nak Wat Rakang 1954","Phra Sangkachai Powder Amulet Luang Pu Nak, Wat Rakang1954","Discover the sacred Phra Sangkachai powder amulet made by Luang Pu Nak of Wat Rakang in 1954 (BE 2497). Highly revered for wealth, luck, and prosperity. Rare and collectible.",48,90,1,set,1777951012,synced,sync-and-show,approved,,,
239,simple,00000010,,"Namo Pendant Luang Por Kluai Wat Suan Khan",1,0,visible,"<p class="""" data-start=""560"" data-end=""698"">Sacred Namo-style silver enamel pendant blessed by Luang Por Kluai of Wat Suan Khan. Revered for protection, charm, and auspicious energy.</p>","Namo Pendant Luang Por Kluai Wat Suan Khan\n<ul>\n 	<li>Made of silver</li>\n 	<li>Nice condition</li>\n 	<li>Guarantee real 100%</li>\n</ul>\n<p class="""" data-start=""163"" data-end=""461"">This rare and revered <em data-start=""185"" data-end=""219"">Namo-head silver enamel necklace</em> was blessed by Luang Por Klai of Wat Suan Khan, Nakhon Si Thammarat, and is believed to have been crafted around 1962 (B.E. 2505). The necklace is approximately 24 inches in length—wearable over the head—and each bead measures about 0.4 cm.</p>\n<p class="""" data-start=""463"" data-end=""812"">The sacred ""Namo"" characters engraved throughout are rooted in the spiritual traditions of Southern Thailand and are believed to offer powerful protection against black magic, misfortune, and malevolent spirits. The piece is a celebrated amulet from Luang Por Klai, highly sought after for both its spiritual significance and artistic craftsmanship.</p>\n<p class="""" data-start=""814"" data-end=""1058"">Originally available via gold shops in Chandi Market, this necklace was difficult and time-consuming to produce, making it a premium item even at the time. Some versions feature a larger central pendant, while others were crafted as bracelets.</p>\n<p class="""" data-start=""1060"" data-end=""1176"">Collectors and believers alike revere it as a powerful talisman and a true Southern Thai cultural heritage artifact.</p>",,,none,,1,1,,0,0,0.2,15,20,10,1,,,3500,Uncategorized,,,"https://amulets-dansiam.com/wp-content/uploads/2025/04/S__9838654_0.jpg, https://amulets-dansiam.com/wp-content/uploads/2025/04/S__9838654_0.jpg, https://amulets-dansiam.com/wp-content/uploads/2025/04/S__9838655_0.jpg, https://amulets-dansiam.com/wp-content/uploads/2025/04/S__9838650_0.jpg, https://amulets-dansiam.com/wp-content/uploads/2025/04/S__9838653_0.jpg",,,,,,,,,0,,default,default,default,default,default,,,"Namo Pendant Luang Por Kluai Wat Suan Khan","Namo Pendant Silver Enamel – Luang Por Kluai, Wat Suan Khan","Rare silver enamel Namo pendant blessed by Luang Por Kluai of Wat Suan Khan, Nakhon Si Thammarat. Sacred piece for protection and good fortune.",55,60,1,set,1777951012,synced,sync-and-show,approved,,,
244,simple,00000011,,"Hunpayont Ta Pa Khao Phor Than Kloy 2012",1,0,visible,"The Hunpayont Ta Pa Khao ""Meun Yan"" Edition was consecrated by Phor Than Kloy of Wat Phu Khao Thong in 2012. Highly revered in Southern Thailand, this mystical figure offers spiritual protection, charm, and resistance against harm. Rare and deeply sacred.","<ul>\n 	<li>Made of copper</li>\n 	<li>Nice condition</li>\n 	<li>Guarantee real 100%</li>\n</ul>\n<p class="""" data-start=""184"" data-end=""439"">In celebration of Phor Than Kloy’s 84th birthday (7th cycle of life), the revered monk of Wat Phu Khao Thong graciously permitted the creation of a new series of Hunpayont Ta Pa Khao talismans, known as the <strong data-start=""391"" data-end=""413"">""Meun Yan Edition""</strong> (""Ten Thousand Yantras"").</p>\n<p class="""" data-start=""441"" data-end=""810"">This unique edition features both <strong data-start=""475"" data-end=""498"">pressed metal coins</strong> and <strong data-start=""503"" data-end=""528"">sacred powder amulets</strong> made from white and black Maha Wan (powerful Thai herbal materials used in sacred item crafting). The front base of each amulet is inscribed with <strong data-start=""675"" data-end=""702"">the Four Elemental Kata</strong> and sacred protective blessings (Metta and Kongkrapan invincibility), along with individual serial numbers.</p>",,,none,,1,1,,0,0,0.2,15,20,10,1,,,600,Uncategorized,,,"https://amulets-dansiam.com/wp-content/uploads/2025/05/S__9928731_0.jpg, https://amulets-dansiam.com/wp-content/uploads/2025/05/S__9928726_0.jpg, https://amulets-dansiam.com/wp-content/uploads/2025/05/S__9928728_0.jpg, https://amulets-dansiam.com/wp-content/uploads/2025/05/S__9928729_0.jpg, https://amulets-dansiam.com/wp-content/uploads/2025/05/S__9928730_0.jpg, https://amulets-dansiam.com/wp-content/uploads/2025/05/S__9928731_0.jpg",,,,,,,,,0,,default,default,default,default,default,,,"Hunpayont Ta Pa Khao Phor Than Kloy 2012","Hunpayont Ta Pa Khao Phor Than Kloy Wat Phu Khao Thong 2012","Rare and powerful Southern Thai talisman — Hunpayont Ta Pa Khao ""Meun Yan"" Edition, consecrated by Phor Than Kloy at Wat Phu Khao Thong in 2012. Known for strong protective and mystical power.",49,60,1,set,1777951012,synced,sync-and-show,approved,,,
250,simple,00000014,,"Ruesi Head Uthai Pleng Rasi 2000 by Ajarn Pleng Boonyuen",1,0,visible,"Ruesi Head amulet ""Uthai Pleng Rasi"" blessed by Ajarn Pleng Boonyuen in 2000. Crafted from sacred herbs, it offers spiritual guidance, inner wisdom, and strong protective energy.","<ul>\n 	<li>Made of sacred powder</li>\n 	<li>Nice condition</li>\n 	<li>Guarantee real 100%</li>\n</ul>\nThe <strong data-start=""272"" data-end=""322"">Ruesi Head Amulet – ""Uthai Pleng Rasi"" Edition</strong> was created in the year <strong data-start=""347"" data-end=""367"">2000 (B.E. 2543)</strong> under the guidance of <strong data-start=""390"" data-end=""443"">Luang Pu Uthai of Wat Si Mrukathaiwan, Ratchaburi</strong>, and specially consecrated by the revered <strong data-start=""486"" data-end=""510"">Ajarn Pleng Boonyuen</strong>, a renowned lay master from Surin.",,,none,,0,0,,0,0,0.2,15,20,10,1,,,600,Uncategorized,,,"https://amulets-dansiam.com/wp-content/uploads/2025/05/S__9838664_0.jpg, https://amulets-dansiam.com/wp-content/uploads/2025/05/S__9838664_0.jpg, https://amulets-dansiam.com/wp-content/uploads/2025/05/S__9838666_0.jpg",,,,,,,,,0,,default,default,default,default,default,,,"Ruesi Head Uthai Pleng Rasi 2000 by Ajarn Pleng Boonyuen","Ruesi Head Amulet ""Uthai Pleng Rasi"" 2000 Ajarn Pleng Boonyuen","Rare Ruesi Head amulet ""Uthai Pleng Rasi"" blessed by Ajarn Pleng Boonyuen in 2000. Made from sacred herbal powder, known for spiritual power and protection.",42,90,1,set,1777605605,synced,sync-and-show,approved,updated,,
253,simple,00000015,,"Ganesha Uthai Pleng Rasi Edition 2000 – Blessed by Ajarn Pleng | Wat Si Mrukhathayawan",1,0,visible,"The Ganesha Uthai Pleng Rasi Edition (2000) was blessed by Ajarn Pleng Boonyuen at Wat Si Mrukhathayawan, Ratchaburi. This sacred amulet is revered for promoting wisdom, success, and prosperity. Rare and powerful.","<ul>\n 	<li>Made of sacred powder</li>\n 	<li>Nice condition</li>\n 	<li>Guarantee real 100%</li>\n</ul>\n<p class="""" data-start=""522"" data-end=""555"">The contributing masters include:</p>\n\n<ol data-start=""557"" data-end=""1373"">\n 	<li class="""" data-start=""557"" data-end=""650"">\n<p class="""" data-start=""560"" data-end=""650""><strong data-start=""560"" data-end=""579"">Luang Phor Koon</strong>, Wat Ban Rai – known for his great compassion and miraculous powers.</p>\n</li>\n 	<li class="""" data-start=""651"" data-end=""727"">\n<p class="""" data-start=""654"" data-end=""727""><strong data-start=""654"" data-end=""673"">Luang Phor Ruay</strong>, Wat Tako – renowned for wealth and luck blessings.</p>\n</li>\n 	<li class="""" data-start=""728"" data-end=""798"">\n<p class="""" data-start=""731"" data-end=""798""><strong data-start=""731"" data-end=""749"">Luang Phor Tim</strong>, Wat Phra Khao – master of protective amulets.</p>\n</li>\n 	<li class="""" data-start=""799"" data-end=""881"">\n<p class="""" data-start=""802"" data-end=""881""><strong data-start=""802"" data-end=""821"">Luang Phor Phun</strong>, Wat Pa Lomm – famed for longevity and healing blessings.</p>\n</li>\n 	<li class="""" data-start=""882"" data-end=""965"">\n<p class="""" data-start=""885"" data-end=""965""><strong data-start=""885"" data-end=""902"">Luang Pu Chop</strong>, Wat Khao Rang Suea – expert in sacred wilderness practices.</p>\n</li>\n 	<li class="""" data-start=""966"" data-end=""1035"">\n<p class="""" data-start=""969"" data-end=""1035""><strong data-start=""969"" data-end=""988"">Luang Phor Yaem</strong>, Wat Sam Ngam – known for spiritual healing.</p>\n</li>\n 	<li class="""" data-start=""1036"" data-end=""1119"">\n<p class="""" data-start=""1039"" data-end=""1119""><strong data-start=""1039"" data-end=""1056"">Luang Pu Hong</strong>, Thung Mon Cemetery – legendary for fierce protective magic.</p>\n</li>\n 	<li class="""" data-start=""1120"" data-end=""1205"">\n<p class="""" data-start=""1123"" data-end=""1205""><strong data-start=""1123"" data-end=""1141"">Luang Phor Rit</strong>, Wat Chonlapratan – adept in mystical chants and invocations.</p>\n</li>\n 	<li class="""" data-start=""1206"" data-end=""1291"">\n<p class="""" data-start=""1209"" data-end=""1291""><strong data-start=""1209"" data-end=""1227"">Luang Phor Kee</strong>, Wat Si Lamyong – respected for wisdom and clarity blessings.</p>\n</li>\n 	<li class="""" data-start=""1292"" data-end=""1373"">\n<p class="""" data-start=""1296"" data-end=""1373""><strong data-start=""1296"" data-end=""1314"">Luang Phor Hen</strong>, Wat Don Thong – venerated for peace and harmony energies.</p>\n</li>\n</ol>",,,none,,1,1,,0,0,0.2,15,20,10,1,,,600,Uncategorized,,,"https://amulets-dansiam.com/wp-content/uploads/2025/05/S__9838667_0.jpg, https://amulets-dansiam.com/wp-content/uploads/2025/05/S__9838667_0.jpg, https://amulets-dansiam.com/wp-content/uploads/2025/05/S__9838668_0.jpg",,,,,,,,,0,,default,default,default,default,default,,,"Ganesha Uthai Pleng Rasi Edition 2000","Ganesha Uthai Pleng Rasi Edition 2000 – Blessed by Ajarn Pleng","Rare Ganesha amulet from the Uthai Pleng Rasi Edition (2000), consecrated by master sorcerer Ajarn Pleng Boonyuen at Wat Si Mrukhathayawan, Ratchaburi. Crafted with sacred herbs and divine energy for wisdom, fortune, and success.",51,90,1,set,1777605605,synced,sync-and-show,approved,updated,,
256,simple,,,"Phra Sangkachai Wat Tai Talad",-1,0,visible,"<p>Phra Sangkachai amulet from Wat Tai Talad, Thonburi. Made from sacred powder, this rare piece is known for attracting wealth, charm, and overall protection.</p>",,,,taxable,,1,,,0,0,,,,,1,,,,,,,,,,,,,,,,0,,,,,,,,,,,,,,,,,,,,,,
257,simple,00000016,,"Phra Sangkachai Wat Tai Talad",1,0,visible,"Phra Sangkachai amulet from Wat Tai Talad, Thonburi. Made from sacred powder, this rare piece is known for attracting wealth, charm, and overall protection.","<ul>\n 	<li>Made of sacred powder</li>\n 	<li>Nice condition</li>\n 	<li>Guarantee real 100%</li>\n</ul>",,,none,,1,1,,0,0,0.2,15,20,10,1,,,3500,Uncategorized,,,"https://amulets-dansiam.com/wp-content/uploads/2025/05/356245_0.jpg, https://amulets-dansiam.com/wp-content/uploads/2025/05/356245_0.jpg, https://amulets-dansiam.com/wp-content/uploads/2025/05/356246_0.jpg, https://amulets-dansiam.com/wp-content/uploads/2025/05/356247_0.jpg",,,,,,,,,0,,default,default,default,default,default,,,"Phra Sangkachai Wat Tai Talad","Rare Phra Sangkachai Amulet – Wat Tai Talad, Thonburi Era","Discover the rare Phra Sangkachai amulet from Wat Tai Talad, Thonburi. Made of sacred powder, this ancient amulet is highly revered for wealth, charm, and protection.",42,90,1,set,1777951012,synced,sync-and-show,approved,,,
261,simple,00000017,,"Ruesi Last Generation Luang Pu Phromma",1,0,visible,"A revered Ruesi amulet “Last Generation” by Luang Pu Phromma of Wat Suan Hin Nang Khoi, made from sacred herb powder—ideal for spiritual insight and strong protection.","The last generation of the hermit, made from a mixture of herbs and minerals, Udring, Luang Pu Phromma Khemjaro, Suan Hin Phanangkoi, Ubon Ratchathani Province, year 1996\n<ul>\n 	<li>Made of mixture of herbs and minerals</li>\n 	<li>Nice condition</li>\n 	<li>Guarantee real 100%</li>\n</ul>",,,none,,1,1,,0,0,0.2,15,20,10,1,,,800,Uncategorized,,,"https://amulets-dansiam.com/wp-content/uploads/2025/05/S__10297403_0.jpg, https://amulets-dansiam.com/wp-content/uploads/2025/05/S__10297403_0.jpg, https://amulets-dansiam.com/wp-content/uploads/2025/05/S__10297404_0.jpg, https://amulets-dansiam.com/wp-content/uploads/2025/05/S__10297405_0.jpg, https://amulets-dansiam.com/wp-content/uploads/2025/05/S__10297406_0.jpg",,,,,,,,,0,,default,default,default,default,default,,,"Ruesi Last Generation Luang Pu Phromma","Ruesi Last Generation by Luang Pu Phromma Sacred Herb Powder","Sacred Ruesi amulet “Last Generation” by Luang Pu Phromma Khemajaro of Wat Suan Hin Nang Khoi, Ubon Ratchathani. Crafted from powerful herbal powders for protection, wisdom, and spiritual strength.",42,90,1,set,1777951012,synced,sync-and-show,approved,,,
266,simple,00000018,,"Rahu Amulet made of one-eye coconut shell and hair relic by Kruba Lert Jatuttapalo, Wat Thung Man Tai, Lampang, B.E. 2555 (2012)",1,0,visible,"Sacred Rahu amulet from 2012 by Kruba Lert, made from one-eye coconut shell and infused with his hair relic. Known for dispelling bad luck and enhancing fortune.","Rahu Amulet made of one-eye coconut shell and hair relic by Kruba Lert Jatuttapalo, Wat Thung Man Tai, Lampang, B.E. 2555 (2012)\n<ul>\n 	<li>Made of of one-eye coconut shell and hair relic</li>\n 	<li>Nice condition</li>\n 	<li>Guarantee real 100%</li>\n</ul>",,,none,,1,1,,0,0,0.2,15,20,10,1,,,600,Uncategorized,,,"https://amulets-dansiam.com/wp-content/uploads/2025/05/S__10297384_0.jpg, https://amulets-dansiam.com/wp-content/uploads/2025/05/S__10297384_0.jpg, https://amulets-dansiam.com/wp-content/uploads/2025/05/S__10297385_0.jpg, https://amulets-dansiam.com/wp-content/uploads/2025/05/S__10297407_0.jpg, https://amulets-dansiam.com/wp-content/uploads/2025/05/S__10297408_0.jpg",,,,,,,,,0,,default,default,default,default,default,,,"Rahu Amulet Kruba Lert One-Eye Coconut Shell","Rahu Amulet by Kruba Lert–One-Eye Coconut Shell with Hair Relic","Powerful Rahu amulet created by Kruba Lert Jatuttapalo of Wat Thung Man Tai in 2012. Crafted from rare one-eye coconut shell and embedded with sacred hair relic, this amulet is revered for reversing bad luck and attracting fortune.",40,90,1,set,1777951012,synced,sync-and-show,approved,,,
272,simple,,,,-1,0,visible,"<p><br data-mce-bogus=""1""></p>",,,,taxable,,1,,,0,0,,,,,1,,,,,,,,,,,,,,,,0,,,,,,,,,,,,,,,,,,,,,,
273,simple,00000019,,"Phra Brahma Coin, 2nd Edition, Wat Don Yanawa, 1973 (B.E. 2516)",1,0,visible,"<p class="""" data-start=""548"" data-end=""674"">2nd Edition Phra Brahma coin from Wat Don Yanawa, made in 1973. Revered for blessings of protection, guidance, and prosperity.</p>","Phra Brahma Coin, 2nd Edition, Wat Don Yanawa, 1973 (B.E. 2516)\n<p class="""" data-start=""323"" data-end=""509"">Rare Phra Brahma (The Great Creator Deity) amulet coin from Wat Don Yanawa, 2nd edition, blessed in 1973. Revered for protection, wisdom, and success. A sacred Thai Buddhist collectible.</p>",,,none,,1,1,,0,0,0.2,15,20,10,1,,,1000,Uncategorized,,,"https://amulets-dansiam.com/wp-content/uploads/2025/05/357327_0.jpg, https://amulets-dansiam.com/wp-content/uploads/2025/05/357327_0.jpg, https://amulets-dansiam.com/wp-content/uploads/2025/05/357328_0.jpg",,,,,,,,,0,,default,default,default,default,default,,,"Phra Brahma Coin","Phra Brahma Coin (2nd Edition) Wat Don Yanawa1973 Thai Amulet","Rare Phra Brahma (The Great Creator Deity) amulet coin from Wat Don Yanawa, 2nd edition, blessed in 1973. Revered for protection, wisdom, and success. A sacred Thai Buddhist collectible.",51,90,1,set,1776657046,synced,sync-and-show,approved,,,
276,simple,00000020,,"Somdej Kanen (Miniature Somdej) Chewing Betel Nut Paste Amulet by Luang Pu Chah, Wat Nong Pah Pong, B.E. 2522 (1979)",1,0,visible,"Somdej Kanen miniature amulet by Luang Pu Chah, made from sacred betel nut paste in 1979 (B.E. 2522), Wat Nong Pah Pong. A symbol of meditation and spiritual power.","Somdej Kanen (Miniature Somdej) Chewing Betel Nut Paste Amulet by Luang Pu Chah, Wat Nong Pah Pong, B.E. 2522 (1979)\n<ul>\n 	<li>Made of Chewing Betel Nut</li>\n 	<li>Nice condition</li>\n 	<li>Guarantee real 100%</li>\n</ul>",,,none,,1,1,,0,0,0.2,15,20,10,1,,,800,Uncategorized,,,"https://amulets-dansiam.com/wp-content/uploads/2025/05/357267_0.jpg, https://amulets-dansiam.com/wp-content/uploads/2025/05/357267_0.jpg, https://amulets-dansiam.com/wp-content/uploads/2025/05/357268_0.jpg, https://amulets-dansiam.com/wp-content/uploads/2025/05/357269_0.jpg",,,,,,,,,0,,default,default,default,default,default,,,"Somdej Kanen Luang Pu Chah 1979","Somdej Kanen Amulet by Luang Pu Chah – Betel Nut Paste, 1979","Rare Somdej Kanen amulet made from betel nut paste by Luang Pu Chah, created in 1979 at Wat Nong Pah Pong. Revered for mindfulness, spiritual strength, and inner peace.",44,90,1,set,1777692294,synced,sync-and-show,approved,,,
280,simple,00000021,,"Hun Payont “Viruljambang” (Red-Cloth Spirit Effigy) by Ajarn Prasoot, Wat Nai Tao.",1,0,visible,"<p class="""" data-start=""634"" data-end=""798"">Red-cloth Hun Payont “Viruljambang” by Ajarn Prasoot of Wat Nai Tao, created from occult materials. Revered for protection, charm, and controlling spiritual energy.</p>","<p class="""" data-start=""0"" data-end=""172""><strong data-start=""82"" data-end=""137"">Hun Payont “Viruljambang” (Red-Cloth Spirit Effigy)</strong> by <strong data-start=""141"" data-end=""158"">Ajarn Prasoot</strong>, Wat Nai Tao.</p>",,,none,,1,1,,0,0,0.2,15,20,10,1,,,800,"EN, Uncategorized",,,"https://amulets-dansiam.com/wp-content/uploads/2025/05/S__10297400_0.jpg, https://amulets-dansiam.com/wp-content/uploads/2025/05/S__10297377_0.jpg, https://amulets-dansiam.com/wp-content/uploads/2025/05/S__10297375_0.jpg, https://amulets-dansiam.com/wp-content/uploads/2025/05/S__10297402_0.jpg, https://amulets-dansiam.com/wp-content/uploads/2025/05/S__10297400_0.jpg",,,,,,,,,0,,default,default,default,default,default,,,"Hun Payont Viruljambang Ajarn Prasoot","Hun Payont Viruljambang by Ajarn Prasoot – Red-Cloth Spirit Effigy","Hun Payont Viruljambang spirit effigy by Ajarn Prasoot of Wat Nai Tao, crafted from mystical materials and wrapped in red cloth. Known for fierce protection, wealth attraction, and spirit command.",44,90,1,set,1777692294,synced,sync-and-show,approved,,,
317,simple,00000025,,"Phra Chaiwat Mongkolbophit (B.E. 2500)",1,0,visible,,"<h3 class="""" data-start=""65"" data-end=""134""><strong data-start=""69"" data-end=""134"">Phra Chaiwat (Small Buddha Image) Wat Mongkolbophit B.E. 2500</strong></h3>\n<p class="""" data-start=""136"" data-end=""515"">This <strong data-start=""141"" data-end=""171"">Phra Chaiwat Mongkolbophit</strong> amulet, also known as the ""Miniature Buddha with internal chime,"" was created in <strong data-start=""253"" data-end=""273"">B.E. 2500 (1957)</strong> at <strong data-start=""277"" data-end=""298"">Wat Mongkolbophit</strong>, Ayutthaya. Crafted from a <strong data-start=""326"" data-end=""364"">brass-gold alloy with gold gilding</strong>, the amulet features a chime bead (<strong data-start=""400"" data-end=""411"">“kring”</strong>) inside, producing a <strong data-start=""433"" data-end=""451"">resonant sound</strong> when moved — a distinctive characteristic of this sacred piece.</p>\n<p class="""" data-start=""517"" data-end=""651"">This miniature Buddha amulet was <strong data-start=""550"" data-end=""596"">empowered in a grand consecration ceremony</strong> by several highly revered monks of the era, including:</p>\n\n<ul data-start=""653"" data-end=""769"">\n 	<li class="""" data-start=""653"" data-end=""693"">\n<p class="""" data-start=""655"" data-end=""693""><strong data-start=""655"" data-end=""673"">Luang Por Jong</strong> (Wat Nadtang Nok)</p>\n</li>\n 	<li class="""" data-start=""694"" data-end=""737"">\n<p class="""" data-start=""696"" data-end=""737""><strong data-start=""696"" data-end=""714"">Luang Pu Thiam</strong> (Wat Kasattrathirat)</p>\n</li>\n 	<li class="""" data-start=""738"" data-end=""769"">\n<p class="""" data-start=""740"" data-end=""769""><strong data-start=""740"" data-end=""756"">Luang Por Un</strong> (Wat Prayat)</p>\n</li>\n</ul>\n<p class="""" data-start=""771"" data-end=""1003"">The amulet symbolizes <strong data-start=""793"" data-end=""843"">protection, prosperity, and spiritual strength</strong>. Small in size yet rich in sacred energy, it is highly valued by collectors and practitioners alike for its <strong data-start=""952"" data-end=""1002"">powerful blessings and historical significance</strong>.</p>",,,none,,1,1,,0,0,0.2,15,20,10,1,,,1500,Uncategorized,,,"https://amulets-dansiam.com/wp-content/uploads/2025/05/357659_0.jpg, https://amulets-dansiam.com/wp-content/uploads/2025/05/357659_0.jpg, https://amulets-dansiam.com/wp-content/uploads/2025/05/357660_0.jpg, https://amulets-dansiam.com/wp-content/uploads/2025/05/S__10576101_0.jpg",,,,,,,,,0,,default,default,default,default,default,,,"Phra Chaiwat Mongkolbophit 2500","Phra Chaiwat Mongkolbophit 2500 – Sacred Miniature Buddha","Phra Chaiwat Mongkolbophit, blessed in B.E. 2500, is a revered miniature Buddha amulet known for prosperity, protection, and auspicious blessings. A sacred piece of Thai Buddhist heritage.",54,90,1,set,1777692294,synced,sync-and-show,approved,,unisex,adult
321,simple,00000026,,"Sundays birth buddha amulet Wat Chanadongkram 2491",1,0,visible,,"Sundays birth buddha amulet Wat Chanadongkram 2491 Blessed again by Lp. Prom wat Chongkae\n<p class="""" data-start=""317"" data-end=""926"">This rare Phra Phong birthday amulet for Sunday was originally created at <strong data-start=""391"" data-end=""413"">Wat Chana Songkram</strong> in <strong data-start=""417"" data-end=""437"">B.E. 2491 (1948)</strong> under the supervision of <strong data-start=""463"" data-end=""512"">Phra Khru Udom Chai (Thongmuan, Pali Grade 5)</strong>. Crafted with sacred powders collected from renowned monks across Thailand, including remnants of ancient amulets and flower offerings from the main altar, each step of the creation process was performed with utmost purity and mindfulness. The water used for molding the amulets was holy water, stored for over a century in the ordination hall, combined with sacred waters from the Grand Palace and other temples.</p>\n<p class="""" data-start=""928"" data-end=""1211"">Upon completion, the amulets underwent a grand <strong data-start=""975"" data-end=""1008"">3-month consecration ceremony</strong>, invoking the spiritual power of <strong data-start=""1042"" data-end=""1063"">108 revered monks</strong> such as <strong data-start=""1072"" data-end=""1210"">Luang Phor Jong, Luang Phor Ophasi, Luang Phor Rung, Luang Pu Toh, Luang Phor Sod, Luang Pu Puek, and Luang Phor Phrom (Wat Chong Kae)</strong>.</p>\n<p class="""" data-start=""1213"" data-end=""1520"">These amulets were later rediscovered in <strong data-start=""1254"" data-end=""1292"">the early 1970s (around B.E. 2510)</strong>. A military disciple of <strong data-start=""1317"" data-end=""1337"">Luang Phor Phrom</strong> requested the master to <strong data-start=""1362"" data-end=""1387"">bless them once again</strong> in B.E. 2515. Afterward, a <strong data-start=""1415"" data-end=""1458"">rubber stamp seal of Wat Chana Songkram</strong> was imprinted on each amulet to mark the second consecration.</p>\n<p class="""" data-start=""1522"" data-end=""1756"">These rare “<strong data-start=""1534"" data-end=""1544"">2-in-1</strong>” amulets represent the best of both worlds—<strong data-start=""1588"" data-end=""1662"">blessed by some of the most powerful masters of the post-Indochina era</strong> in 2491, and <strong data-start=""1676"" data-end=""1715"">again empowered by Luang Phor Phrom</strong>, one of Thailand’s most respected monks.</p>\n<p class="""" data-start=""1758"" data-end=""1962"">Highly revered for universal protection, good fortune, and spiritual power, this amulet is a sacred collectible and powerful talisman for devotees born on a Sunday—or anyone seeking exceptional blessings.</p>",,,none,,0,0,,0,0,0.2,15,20,10,1,,,1000,Uncategorized,,,"https://amulets-dansiam.com/wp-content/uploads/2025/05/358451_0.jpg, https://amulets-dansiam.com/wp-content/uploads/2025/05/358451_0.jpg, https://amulets-dansiam.com/wp-content/uploads/2025/05/358452_0.jpg, https://amulets-dansiam.com/wp-content/uploads/2025/05/358453_0.jpg, https://amulets-dansiam.com/wp-content/uploads/2025/05/S__10576099_0.jpg",,,,,,,,,0,,default,default,default,default,default,,,"Sundays birth buddha amulet Wat Chanadongkram 2491","Sundays birth buddha amulet Wat Chanadongkram 2491","Discover the rare Phra Phong amulet for Sunday-born individuals, created in B.E. 2491 at Wat Chana Songkram.",61,60,2,set,1777692294,synced,sync-and-show,partially_approved,created,,
326,simple,00000027,,"Phra Phuttha Khodom by Luang Phor Khom, Wat Phai Rong Wua, B.E. 2505",1,0,visible,,"<em data-start=""70"" data-end=""91"">Phra Phuttha Khodom</em> by <strong data-start=""95"" data-end=""114"">Luang Phor Khom</strong>, Wat Phai Rong Wua, B.E. 2505\n\nSize 7 x 4.5 cm. Confirm that it will look beautiful and long-lasting, as well as sharp.",,,none,,0,0,,0,0,0.2,15,20,10,1,,,700,Uncategorized,,,"https://amulets-dansiam.com/wp-content/uploads/2025/05/357693_0.jpg, https://amulets-dansiam.com/wp-content/uploads/2025/05/357693_0.jpg, https://amulets-dansiam.com/wp-content/uploads/2025/05/357694_0.jpg, https://amulets-dansiam.com/wp-content/uploads/2025/05/S__10576102_0.jpg",,,,,,,,,0,,default,default,default,default,default,,,"Phra Phuttha Khodom Luang Phor Khom 2505","Phra Phuttha Khodom Luang Phor Khom Wat Phai Rong Wua 2505","Discover the powerful Phra Phuttha Khodom amulet, blessed by Luang Phor Khom in B.E. 2505 at Wat Phai Rong Wua.",38,90,1,set,1777692294,synced,sync-and-show,approved,updated,,
330,simple,00000028,,"Plata Pien Maha Lap Luang Phor Derm Wat Nong Pho 1940",1,0,visible,,"Plata Pien Maha Lap Luang Phor Derm Wat Nong Pho 1940\n\nA beautifully preserved small embossed sheet made from <strong data-start=""160"" data-end=""198"" data-is-only-node="""">golden brass (battal metal finish)</strong>. The sheet is thin and delicate, with a size of approximately <strong data-start=""261"" data-end=""275"">1 x 1.5 cm</strong>, featuring fine embossed detailing.",,,none,,1,1,,0,0,0.2,15,20,10,1,,,3500,Uncategorized,,,"https://amulets-dansiam.com/wp-content/uploads/2025/05/S__10576160_0.jpg, https://amulets-dansiam.com/wp-content/uploads/2025/05/S__10576160_0.jpg, https://amulets-dansiam.com/wp-content/uploads/2025/05/S__10576162_0.jpg",,,,,,,,,0,,default,default,default,default,default,,,"Plata Pien Maha Lap Luang Phor Derm Wat Nong Pho 1940","Plata Pien Maha Lap – Luang Phor Derm Wat Nong Pho (1940)","Discover the rare Plata Pien Maha Lap amulet, created by Luang Phor Derm of Wat Nong Pho in 1940 (B.E. 2483).",44,90,1,set,1777692294,synced,sync-and-show,approved,,,
347,simple,000000030,,"Phra Nang Phaya Luang Phor Ngern Wat Bang Klan 1972 Red Powder",1,0,visible,"Phra Nang Phaya Luang Phor Ngern, Wat Bang Klan, B.E. 2515 (1972), crafted from red sacred powder blended with fragments of Luang Phor Ngern’s original amulets. Blessed in a major consecration ceremony with 100+ revered monks.","Rare Phra Nang Phaya Luang Phor Ngern, Wat Bang Klan, B.E. 2515 (1972), made from red sacred powder mixed with original Luang Phor Ngern amulet fragments, blessed in a grand ceremony by over 100 monks",,,none,zero-rate,1,1,,0,0,0.2,15,,10,1,,,1000,Uncategorized,,,"https://amulets-dansiam.com/wp-content/uploads/2025/08/S__13549626_0.jpg, https://amulets-dansiam.com/wp-content/uploads/2025/08/S__13549626_0.jpg, https://amulets-dansiam.com/wp-content/uploads/2025/08/S__13549628_0.jpg, https://amulets-dansiam.com/wp-content/uploads/2025/08/S__13549629_0.jpg, https://amulets-dansiam.com/wp-content/uploads/2025/08/S__13549630_0.jpg",,,,,,,,,0,,default,default,default,default,default,,,"Phra Nang Phaya Luang Phor Ngern Wat Bang Klan 1972 Red Powder","Phra Nang Phaya Luang Phor Ngern Wat Bang Klan 1972","Rare Phra Nang Phaya Luang Phor Ngern, Wat Bang Klan, B.E. 2515 (1972), made from red sacred powder mixed with original Luang Phor Ngern amulet fragments, blessed in a grand ceremony by over 100 monks",47,90,1,set,1777692294,synced,sync-and-show,approved,created,,
355,simple,,,"Nok Sarika Luang Phor Nuam Wat Luang Khru Powder Lacquer",1,0,visible,"Nok Sarika Luang Phor Nuam, Wat Luang Khru, first created in 1974 from sacred powder and lacquer, based on an ancient Wat Khao Or manuscript passed from Khun Phantharak Ratchadet. A rare talisman of charm and eloquence.","First edition Nok Sarika amulet by Luang Phor Nuam, Wat Luang Khru, Nakhon Si Thammarat, B.E. 2517 (1974), made from sacred powder mixed with lacquer. Created using an ancient Wat Khao Or manuscript from Khun Phantharak Ratchadet.",,,none,zero-rate,1,1,,0,0,0.2,15,20,10,1,,,1000,Uncategorized,,,"https://amulets-dansiam.com/wp-content/uploads/2025/08/S__13549655_0.jpg, https://amulets-dansiam.com/wp-content/uploads/2025/08/S__13549657_0.jpg, https://amulets-dansiam.com/wp-content/uploads/2025/08/S__13549658_0.jpg, https://amulets-dansiam.com/wp-content/uploads/2025/08/S__13549659_0.jpg",,,,,,,,,0,,default,default,default,default,default,,,"Nok Sarika Luang Phor Nuam Wat Luang Khru Powder Lacquer","Nok Sarika Luang Phor Nuam Wat Luang Khru Powder Lacquer","First edition Nok Sarika amulet by Luang Phor Nuam, Wat Luang Khru, Nakhon Si Thammarat, B.E. 2517 (1974), made from sacred powder mixed with lacquer. Created using an ancient Wat Khao Or manuscript from Khun Phantharak Ratchadet.",47,90,1,set,1777692294,synced,sync-and-show,approved,created,,
361,simple,000000033,,"Phra Pim Leb Mue Luang Phor Khong Wat Bang Kaphom",1,0,visible,"Phra Pim Leb Mue Amulet blessed by Luang Phor Khong of Wat Bang Kaphom, Samut Songkhram. Highly sought-after and rare piece, ideal for collectors.","Phra Pim Leb Mue Amulet by Luang Phor Khong, Wat Bang Kaphom. A rare and highly revered Thai amulet, authentic and perfect for collectors and devotees.",,,none,zero-rate,1,1,7,0,0,0.2,15,20,10,1,,,2500,Uncategorized,,,"https://amulets-dansiam.com/wp-content/uploads/2025/08/S__13860866_0.jpg, https://amulets-dansiam.com/wp-content/uploads/2025/08/S__13860868_0.jpg, https://amulets-dansiam.com/wp-content/uploads/2025/08/S__13860869_0.jpg",,,,,,,,,0,,default,default,default,default,default,,,"Phra Pim Leb Mue Luang Phor Khong Wat Bang Kaphom","Phra Pim Leb Mue Amulet by Luang Phor Khong, Wat Bang","Phra Pim Leb Mue Amulet by Luang Phor Khong, Wat Bang Kaphom. A rare and highly revered Thai amulet, authentic and perfect for collectors and devotees.",55,90,1,set,1776657046,synced,sync-and-show,approved,created,,
365,simple,000000034,,"Phra Prathan Porn Luang Phor Doo Wat Sakae 1986",1,0,visible,"Phra Somdej Pang Prathan Porn (Phra Phuttha Nimit) by Luang Phor Doo, Wat Sakae (B.E. 2529 / 1986). Features Thep Ranjawan yantra on the back, made from sacred powder. A rare and authentic Thai amulet for collectors and devotees.","Phra Prathan Porn powder amulet blessed by Luang Phor Doo of Wat Sakae in 1986. Known as Phra Somdej Pang Prathan Porn (Phra Phuttha Nimit), featuring the sacred Thep Ranjawan yantra on the back. Made from holy powder, highly rare and revered.",,,none,zero-rate,1,1,,0,0,0.2,15,20,10,1,,,2000,Uncategorized,,,"https://amulets-dansiam.com/wp-content/uploads/2025/08/S__13860872_0.jpg, https://amulets-dansiam.com/wp-content/uploads/2025/08/S__13860874_0.jpg",,,,,,,,,0,,default,default,default,default,default,,,"Phra Prathan Porn Luang Phor Doo Wat Sakae 1986","Phra Prathan Porn Amulet by Luang Phor Doo, Wat Sakae (1986)","Phra Prathan Porn powder amulet blessed by Luang Phor Doo of Wat Sakae in 1986. Known as Phra Somdej Pang Prathan Porn (Phra Phuttha Nimit), featuring the sacred Thep Ranjawan yantra on the back. Made from holy powder, highly rare and revered.",56,90,1,set,1776657046,synced,sync-and-show,approved,created,,
368,simple,000000035,,"Rahu Coconut Shell Amulet Kruba Nantha",1,0,visible,"<span style=""font-weight: 400;"">Rahu One-Eyed Coconut Shell Amulet by Kruba Nantha, a Northern Thai protective talisman believed to attract luck and safeguard its wearer.</span>","<span style=""font-weight: 400;"">The Rahu One-Eyed Coconut Shell Amulet by Kruba Nantha, a famous Northern Thai sacred object, is believed to protect against harm, bring good fortune, and enhance prosperity.</span>",,,none,zero-rate,1,1,,0,0,0.2,15,20,10,1,,,4500,Uncategorized,,,"https://amulets-dansiam.com/wp-content/uploads/2025/09/S__14172177_0.jpg, https://amulets-dansiam.com/wp-content/uploads/2025/09/S__14172179_0.jpg",,,,,,,,,0,,default,default,default,default,default,,,"Rahu Coconut Shell Amulet Kruba Nantha","Rahu One-Eyed Coconut Shell Amulet by Kruba Nantha","The Rahu One-Eyed Coconut Shell Amulet by Kruba Nantha, a famous Northern Thai sacred object, is believed to protect against harm, bring good fortune, and enhance prosperity.",58,60,1,set,1777088229,synced,sync-and-show,approved,created,,
372,simple,000000036,,"Phra Chaiwat Phainiran by Por Than Seng",1,0,visible,"<span style=""font-weight: 400;"">Phra Chaiwat Phainiran by Por Than Seng, 1961 Committee Edition, gold plated, a Southern Thai amulet known for protection, luck, and personal charm.</span>","<span style=""font-weight: 400;"">Phra Chaiwat Phainiran by Por Than Seng, Wat Laem Sai, Songkhla, 1961 Committee Edition, gold plated, a renowned Southern Thai sacred amulet. Believed to bring protection, charisma, and good fortune.</span>",,,none,zero-rate,1,1,,0,0,0.2,15,20,10,1,,,1200,Uncategorized,,,"https://amulets-dansiam.com/wp-content/uploads/2025/09/S__14172181_0.jpg, https://amulets-dansiam.com/wp-content/uploads/2025/09/S__14172183_0.jpg, https://amulets-dansiam.com/wp-content/uploads/2025/09/S__14172184_0.jpg, https://amulets-dansiam.com/wp-content/uploads/2025/09/S__14172185_0.jpg",,,,,,,,,0,,default,default,default,default,default,,,"Phra Chaiwat Phainiran by Por Than Seng","Phra Chaiwat Phainiran by Por Than Seng, Wat Laem Sai","Phra Chaiwat Phainiran by Por Than Seng, Wat Laem Sai, Songkhla, 1961 Committee Edition, gold plated, a renowned Southern Thai sacred amulet. Believed to bring protection, charisma, and good fortune.",60,90,1,set,1777088229,synced,sync-and-show,approved,created,,
